{
  "id": "",
  "name": "",
  "font_family": "iconfont",
  "css_prefix_text": "icon-",
  "description": "",
  "glyphs": [
    {
      "icon_id": "964199",
      "name": "其他",
      "font_class": "qita",
      "unicode": "e645",
      "unicode_decimal": 58949
    },
    {
      "icon_id": "7383189",
      "name": "评论",
      "font_class": "jianyi",
      "unicode": "e6d3",
      "unicode_decimal": 59091
    },
    {
      "icon_id": "13137519",
      "name": "歌词未点击",
      "font_class": "geciweidianji",
      "unicode": "e727",
      "unicode_decimal": 59175
    }
  ]
}
